SAMPLE,STRAIN,POPULATION,VESSEL,TIMEPOINT,COUNT,FSC_MEDIAN,FSC_MEAN,FSC_SD,FL1_MEDIAN,FL1_MEAN,FL1_SD,NORMALIZED_GFP_MEDIAN,NORMALIZED_GFP_MEAN,NORMALIZED_GFP_SD,PopProp_0copy,PopProp_1copy,PopProp_2copy,PopProp_3plus,Cells counted
2,DGY#1_T0_A01,DGY#1,0_Copy_Control,1,0,93721,289528,334267.440274858,178914.079281532,1046,1301.01458584522,1280.69165312445,0.00334294138477035,0.00433453518670405,0.00446054877123599,0.983216141526446,1.06699672432006e-05,0,0,93721
3,DGY#620_T0_B01,DGY#620,0_Copy_Control,2,0,93714,279069,315461.835168705,160581.462669985,25846.5,30181.7698316153,30944.6659015704,0.110508934833788,0.0957228606221379,0.0778757982309702,0.306720447318437,0.299357619992744,0.0891755767548072,1.06707642401349e-05,93714
4,DGY#500_T0_C01,DGY#500,1_Copy_Control,3,0,94044,278662.5,320287.308004764,166670.37618873,36301,40097.7311683893,33329.5859946995,0.139165269626262,0.127289212563515,0.0782013645082546,0.204861554166135,0.372846752583897,0.157798477308494,2.12666411466973e-05,94044
5,DGY#1315_T0_D01,DGY#1315,2_Copy_Contol,4,0,92254,254231,285095.285689509,139236.269523824,29942,32264.6829514167,30965.6962638778,0.139590486100089,0.115224979166584,0.0903968303353279,0.338305114141392,0.261961540962993,0.161597329113101,4.33585535586533e-05,92254
6,DGY#1657_T0_E01,DGY#1657,Wild_Type,5,0,79881,334270,374103.654799014,185534.239812298,1890,2153.93432731188,2128.15852558228,0.00536448720711268,0.00657078443740883,0.00625223409735132,0.963157697074398,0.00012518621449406,3.7555864348218e-05,0,79881
7,DGY#2076_T0_F01,DGY#2076,Genomic_Architecture_Mutant,6,0,89101,320435,355139.172882459,165955.175079932,21723,21110.4555728892,17675.0161379777,0.0695293706027486,0.0650471263483199,0.0527282418557803,0.354171109190694,0.152568433575381,0.00987643236327314,0,89101
8,DGY#2071_T0_G01,DGY#2071,Genomic_Architecture_Mutant,7,0,94614,281979.5,321586.926184286,163068.250143986,37235.5,40800.8204176972,33075.3401709751,0.14120558469336,0.12886169731463,0.077587573795149,0.213647028980912,0.386253619971674,0.162037330627603,4.22770414526391e-05,94614
9,DGY#2150_T0_H01,DGY#2150,Genomic_Architecture_Mutant,8,0,93064,258849.5,289104.243413135,139423.972583558,25000,27285.5875956331,25731.1066503562,0.114090278362741,0.0952425415025694,0.0717267424126776,0.323025015043411,0.302050202011519,0.0651057336886444,0,93064
10,DGY#2084_T0_A02,DGY#2084,DNA_repair_mutant,9,0,94013,285194,321446.078287045,157368.84262601,34990,38784.8399263932,36273.1687497132,0.139309646860966,0.121543445690967,0.0942122175677835,0.28037611819642,0.287066682267346,0.200685011647325,3.19104804654675e-05,94013
11,DGY#2086_T0_B02,DGY#2086,DNA_repair_mutant,10,0,93312,265341.5,295439.189257545,140950.665511123,30887,32830.9526427469,30418.4245499319,0.133718076503505,0.113304603963867,0.0863978539091936,0.313936042524005,0.298793295610425,0.146326303155007,4.28669410150892e-05,93312
12,DGY#2089_T0_C02,DGY#2089,DNA_repair_mutant,11,0,92702,276646.5,313372.189478113,156211.021252108,49517,55142.9372289702,58240.2622683836,0.216311424049324,0.18010151640981,0.161524370699636,0.339442514724601,0.0433863347069103,0.459299691484542,0.0121140859959871,92702
13,DGY#2090_T0_D02,DGY#2090,DNA_repair_mutant,12,0,92946,256135.5,285512.75525574,135934.089083878,28807.5,30639.273524412,29423.348816634,0.135778478896123,0.109871027994322,0.0873302255961653,0.354420846513029,0.273212402900609,0.135745486626643,6.45536117745788e-05,92946
14,DGY#1972_T0_E02,DGY#1972,GAP1_location_mutant,13,0,93549,281534,320023.635292734,163507.531807688,56325,65036.1301136303,68164.0952460263,0.245966312323104,0.204613548039031,0.172192483290413,0.258666581149986,0.0231750205774514,0.484109931693551,0.0248746646142663,93549
15,DGY#2135_T0_F02,DGY#2135,GAP1_location_mutant,14,0,93464,297279,326629.526780365,142060.332771949,44552,44378.9924248909,31581.9283758884,0.151429523660406,0.141232454096466,0.0870309435090716,0.210787040999743,0.407707780535821,0.237770692459129,3.20979200547805e-05,93464
16,DGY#2143_T0_G02,DGY#2143,GAP1_location_mutant,15,0,97215,367584,395971.496322584,163789.395977015,53363,56071.0531810934,48304.7789929026,0.175459767989862,0.142430182519379,0.102149517603949,0.300344597027208,0.317523015995474,0.300961785732654,2.0572956848223e-05,97215
17,DGY#2144_T0_H02,DGY#2144,GAP1_location_mutant,16,0,93896,257287.5,289151.102933032,140731.552771981,34335.5,37831.1989967624,24697.7628956685,0.13613139383384,0.133659054380818,0.0574657490720568,0.102091675896737,0.417451222629292,0.106564709891795,1.06500809406151e-05,93896
18,DGY#1657_T0_A03,DGY#1657,Wild_Type,17,0,93637,278025,319947.762316178,168232.094631642,31325,35235.7634588891,33899.2104352327,0.12728424363324,0.111503863400286,0.084999983631143,0.285848542776894,0.312312440595064,0.142390294434892,6.40772344265622e-05,93637
19,DGY#2076_T0_B03,DGY#2076,Genomic_Architecture_Mutant,18,0,94068,271769,303104.760885742,141939.720975506,39670,40655.0054641323,33848.2691373219,0.157734808223829,0.137530090040892,0.0969783798545045,0.277278139218438,0.289078113704979,0.253444316877153,7.44142535187311e-05,94068
20,DGY#2071_T0_C03,DGY#2071,Genomic_Architecture_Mutant,19,0,93683,285638,322802.889937342,163806.108795896,29610,33256.3296649339,33148.4233668923,0.121390834254822,0.103074146049857,0.0811970039212977,0.321456400841134,0.328533458578397,0.111066041864586,2.13485904593149e-05,93683
21,DGY#2150_T0_D03,DGY#2150,Genomic_Architecture_Mutant,20,0,93966,294521.5,329655.883159866,158007.381495134,33896,36319.3503288423,31355.5204947853,0.126791577917233,0.111544696797734,0.0773934229459019,0.256688589489815,0.383649405103974,0.116680501457974,0,93966
22,DGY#2084_T0_E03,DGY#2084,DNA_repair_mutant,21,0,93194,275059.5,310261.889799773,150436.659915943,34091.5,36291.4273880293,33849.2320903129,0.136139530894741,0.119804262862723,0.0961762765539246,0.303281327124064,0.276959890121682,0.202330622143056,4.29212181041698e-05,93194
23,DGY#2086_T0_F03,DGY#2086,DNA_repair_mutant,22,0,92816,251785.5,282262.615357266,136227.614928965,27036,29102.1429171695,25028.0674634854,0.118678071017523,0.104704915827942,0.0730991731304095,0.232643078779521,0.295961903120152,0.087614204447509,1.07740044819859e-05,92816
24,DGY#2089_T0_G03,DGY#2089,DNA_repair_mutant,23,0,89999,313390,347820.997055523,161767.619304472,24639,24559.5993844376,16173.4501523057,0.0795280111931547,0.0765714243925789,0.047137534643211,0.211291236569295,0.172279691996578,0.00830009222324692,0,89999
25,DGY#2090_T0_H03,DGY#2090,DNA_repair_mutant,24,0,93350,331884.5,362991.24929834,166313.644302172,16787,17477.7338725228,14856.8069612189,0.0572407910613285,0.0507254813815916,0.0381043837672712,0.350958757364756,0.0573111944295661,0.000599892876272094,0,93350
26,DGY#1972_T0_A04,DGY#1972,GAP1_location_mutant,25,0,92295,281311,319109.897025841,158810.329808515,61500,64363.7041876591,61786.812822699,0.244030085370867,0.208448645563236,0.170701237654745,0.306777181862506,0.0387669971287719,0.509594235874099,0.0192968199794138,92295
27,DGY#2135_T0_B04,DGY#2135,GAP1_location_mutant,26,0,93359,256067,284438.905493846,131704.129496817,31292,32979.3434162748,31732.4450784124,0.14141889711687,0.118057655486455,0.0979208623580579,0.336925202712111,0.229029873927527,0.203879647382684,5.35567004787969e-05,93359
28,DGY#2143_T0_C04,DGY#2143,GAP1_location_mutant,27,0,93820,273583,304166.186868472,145728.67328496,20578.5,25580.8578554679,27867.2252126815,0.0950643652568906,0.0849813500508303,0.0764581184936346,0.393157109358346,0.266616926028565,0.070049030057557,0,93820
29,DGY#2144_T0_D04,DGY#2144,GAP1_location_mutant,28,0,94448,285504.5,319472.783044638,155775.35522913,26233,29296.6742228528,28748.7041356457,0.110485249036272,0.092226679319935,0.0720436836066448,0.329514653565983,0.330086396747417,0.0645646281551753,0,94448
30,DGY#2084_T0_E04,DGY#2084,DNA_repair_mutant,29,0,96964,379312,410362.431355967,172267.079906724,55888,59293.4284476713,48317.5750334666,0.173177500199928,0.144784154636992,0.0955933216626916,0.266232828678685,0.38137865599604,0.274813332783301,1.03131058949713e-05,96964
31,DGY#2086_T0_F04,DGY#2086,DNA_repair_mutant,30,0,93112,267347,297369.481409485,137798.273009385,35423.5,35730.3250601426,29139.2170833602,0.140288714265048,0.1243156944392,0.0869909258324873,0.272607182747659,0.332191339462153,0.176013832803505,1.07397542744222e-05,93112
32,DGY#2089_T0_G04,DGY#2089,DNA_repair_mutant,31,0,95412,305857,335703.532794617,151141.145812973,36733,37775.9698989645,29120.5909599475,0.126032519190752,0.113970814376693,0.0719571200970248,0.206493942061795,0.442627761707123,0.108634134071186,0,95412
33,DGY#2090_T0_H04,DGY#2090,DNA_repair_mutant,32,0,94350,325505,357619.848203498,158255.560698778,38174.5,38640.0533015368,31382.2647880726,0.124563575642133,0.11013027307147,0.0755496066703477,0.272665606783254,0.45800741918389,0.110302066772655,0,94350
34,DGY#1_T6_A01,DGY#1,0_Copy_Control,1,6,89993,256311,291363.151689576,147152.67641055,688,867.950985076617,1577.0248293166,0.0025184766746693,0.00324440190021395,0.0043789557221834,0.993966197370907,0.000155567655262076,6.66718522551754e-05,0,89993
35,DGY#620_T6_B01,DGY#620,0_Copy_Control,2,6,90772,256944.5,294859.100967259,154397.700611964,36984,41246.0255475257,33248.021735816,0.149970349596669,0.141687885227531,0.0783724447816283,0.158220596659763,0.365244789142026,0.175406513021637,0.000121182743577315,90772
36,DGY#500_T6_C01,DGY#500,1_Copy_Control,3,6,90688,273536.5,314805.397064661,164263.953274482,41148,45903.6860113797,34308.6468225892,0.151085337315837,0.149360603952068,0.077394081272491,0.123621647847565,0.400494001411433,0.204007145377558,0.000275670430486944,90688
37,DGY#1315_T6_D01,DGY#1315,2_Copy_Contol,4,6,89626,258516.5,293696.474482851,149351.952321601,34931,38090.6058175083,30011.6832198779,0.142373736757152,0.132928196132982,0.0765418979062426,0.172081761988709,0.364269296855823,0.143741771360989,0.000111574766250865,89626
38,DGY#1657_T6_E01,DGY#1657,Wild_Type,5,6,82366,325379.5,374577.482735595,197611.171230969,1478,3773.01625670787,11804.0277244642,0.00422593935868383,0.0125306080654674,0.0391030135243476,0.942573391933565,0.0167909088701649,0.013573561906612,0,82366
39,DGY#2076_T6_F01,DGY#2076,Genomic_Architecture_Mutant,6,6,86950,298192.5,331224.07947096,156361.495758005,23542,23718.6488901668,17643.1609651214,0.0782472213977327,0.0759572680100226,0.0510222712103757,0.222277170787809,0.156538240368028,0.0130764807360552,0,86950
40,DGY#2071_T6_G01,DGY#2071,Genomic_Architecture_Mutant,7,6,92165,272762,310555.642640916,157824.694554302,37875,42298.8182064775,30039.5573240136,0.139635300242863,0.138764642593926,0.0672361966622025,0.106439537785493,0.428720230022243,0.145044214181088,0.00015190148103944,92165
41,DGY#2150_T6_H01,DGY#2150,Genomic_Architecture_Mutant,8,6,84849,251088,285722.397765442,145044.575541175,25029,27709.6310858113,26282.9875157271,0.113353757662294,0.0978964024371221,0.0696779063491573,0.275265471602494,0.297292837864913,0.0552864500465533,4.71425709201051e-05,84849
42,DGY#2084_T6_A02,DGY#2084,DNA_repair_mutant,9,6,91064,255271,289180.761025213,140876.656871228,43767,47294.8395963279,31383.1305816222,0.170649279871931,0.169272339588784,0.0859899748124957,0.113810067644733,0.328153825880699,0.302490556092419,0.00030747606079241,91064
43,DGY#2086_T6_B02,DGY#2086,DNA_repair_mutant,10,6,89450,246574.5,276366.208518726,133394.33964406,34570.5,37169.3129569592,27657.6821959021,0.14507994622343,0.137471319092021,0.0770830564885993,0.158692006707658,0.350519843487982,0.153135830072666,0.000122973728339855,89450
44,DGY#2089_T6_C02,DGY#2089,DNA_repair_mutant,11,6,90530,267518.5,305225.643212195,155190.222440515,71288,78702.9775433558,57275.8039821556,0.269732347220031,0.262278813005728,0.137203254970022,0.116127250635149,0.0553739092013697,0.666342648845687,0.0157075002761516,90530
45,DGY#2090_T6_D02,DGY#2090,DNA_repair_mutant,12,6,89489,260253,292823.753545128,142334.776218274,34368,36893.6479567321,29982.4450494837,0.141201733964839,0.126750606727261,0.0792073219390717,0.210953301523092,0.358133401870621,0.141257584731084,0.000201142039803775,89489
46,DGY#1972_T6_E02,DGY#1972,GAP1_location_mutant,13,6,91745,258693,292458.197166058,143398.313013193,78079,84761.6746089705,62623.341124173,0.306679626210625,0.296534938615615,0.162749855568728,0.128759060439261,0.0241648046215053,0.643751703090087,0.045223172924955,91745
47,DGY#2135_T6_F02,DGY#2135,GAP1_location_mutant,14,6,92282,272058,303107.730034026,139417.119139233,45435,47372.9834203853,32837.5534791124,0.161825403878547,0.159667592806804,0.0896282130218158,0.140482434277541,0.375544526559893,0.289742311610065,0.000151708892308359,92282
48,DGY#2143_T6_G02,DGY#2143,GAP1_location_mutant,15,6,95104,295042,326609.443661676,147368.693262354,50407,55871.8992261104,36308.8620014767,0.181870144357979,0.174038753080783,0.0803216984291087,0.0773784488559892,0.340080333109017,0.344433462314939,0.000105148048452221,95104
49,DGY#2144_T6_H02,DGY#2144,GAP1_location_mutant,16,6,89026,257750.5,290132.593377216,142524.32119458,29682.5,32330.9911935839,24932.0430926927,0.120866477779956,0.112597208038585,0.0642033557528175,0.180610158830005,0.364376698941882,0.0656774425448745,8.9861388807764e-05,89026
50,DGY#1657_T6_A03,DGY#1657,Wild_Type,17,6,90699,267270,306018.093804783,158409.505018909,40430,44761.8640227566,31077.3402839115,0.151513634391375,0.150843161942913,0.0734301124681396,0.101004421217433,0.406917386079229,0.194125624317798,0.000231535077564251,90699
51,DGY#2076_T6_B03,DGY#2076,Genomic_Architecture_Mutant,18,6,90680,253733,285935.427580503,137852.158702317,43083,45998.1957212175,31671.1891609837,0.168599404386582,0.165925223848061,0.0900541833684275,0.130535950595501,0.321074106749007,0.296912218791354,0.000672695191883547,90680
52,DGY#2071_T6_C03,DGY#2071,Genomic_Architecture_Mutant,19,6,91938,271723,308505.382388131,155170.224712341,36831.5,40820.0325871783,31464.097682878,0.138935540929617,0.133614513874328,0.0731030308200808,0.146729317583589,0.40776392786443,0.148197698448955,0.00013052274358807,91938
53,DGY#2150_T6_D03,DGY#2150,Genomic_Architecture_Mutant,20,6,92849,282570,322706.763573113,162540.101727443,44552,49760.2775904964,34201.2510459989,0.155075123362514,0.155695249167304,0.0716314984865381,0.0873676614718522,0.440080130103717,0.231526456935454,0.000226173679845771,92849
54,DGY#2084_T6_E03,DGY#2084,DNA_repair_mutant,21,6,90770,263274,299334.234868349,147021.035250341,44834,48459.5357717307,32539.0959426604,0.166853929640468,0.167745013879698,0.0885376239299294,0.113903272006169,0.350269912966839,0.298435606477911,0.000649994491572105,90770
55,DGY#2086_T6_F03,DGY#2086,DNA_repair_mutant,22,6,90530,245397.5,278187.232519607,138210.604499326,35244,39280.1596597813,23023.1950606817,0.141178455742899,0.146429379425265,0.0556806855816888,0.0438418203910306,0.410471666850768,0.126731470230863,3.31381862366066e-05,90530
56,DGY#2089_T6_G03,DGY#2089,DNA_repair_mutant,23,6,86368,306594,338771.573059466,159764.375688994,25204.5,26390.0763592997,18452.9413507159,0.0820774713126167,0.0821853288813982,0.0476709385979738,0.155103742126714,0.188229436828455,0.0123888477213783,0,86368
57,DGY#2090_T6_H03,DGY#2090,DNA_repair_mutant,24,6,87438,334338.5,365481.416775315,168197.010117776,21329,22188.5530318626,17081.7137041012,0.0677383144129348,0.0624015573689797,0.0397740811534191,0.229465449804433,0.108739907134198,0.00229877170109106,0,87438
58,DGY#1972_T6_A04,DGY#1972,GAP1_location_mutant,25,6,90395,271926,312034.64332098,162570.883383325,69208,77524.2020355108,54915.706409027,0.258187546637924,0.253086915013049,0.123258114127592,0.0940759997787488,0.0777919132695392,0.671121190331324,0.00988992754024006,90395
59,DGY#2135_T6_B04,DGY#2135,GAP1_location_mutant,26,6,90968,247699,277171.872339724,128614.48009382,41485,43641.6397194618,29422.7516774441,0.167131443926843,0.16237293375004,0.0883185470192378,0.137531879342186,0.316770732565298,0.277932899481136,0.000494679447717879,90968
60,DGY#2143_T6_C04,DGY#2143,GAP1_location_mutant,27,6,88959,263745,296933.973482166,145934.96459994,34285,37454.237772457,29972.079434271,0.136651105779261,0.128067905519972,0.076681098575836,0.181207072921233,0.36938364864713,0.132769028428827,0.000157375869782709,88959
61,DGY#2144_T6_D04,DGY#2144,GAP1_location_mutant,28,6,89255,281183,316764.937863425,157856.977610478,35750,39815.3702873789,31849.5324239838,0.135068326352774,0.125887367319481,0.0721754513034077,0.170276175004201,0.415270853173492,0.117954176236625,0.00015685395776147,89255
62,DGY#2084_T6_E04,DGY#2084,DNA_repair_mutant,29,6,93380,318562,349553.540726066,157071.838347811,55556.5,60880.4046048404,39127.061707948,0.183670815636593,0.174391491293094,0.0769394807994845,0.0826622403084172,0.381591347183551,0.34543799528807,0.000117798243735275,93380
63,DGY#2086_T6_F04,DGY#2086,DNA_repair_mutant,30,6,89591,271640,307168.670435646,150018.966328908,41600,44897.1920170553,29698.6569208823,0.150397469258636,0.152838973169332,0.0757627580572287,0.0946523646348406,0.422821488765613,0.214139813150875,0.000334855063566653,89591
64,DGY#2089_T6_G04,DGY#2089,DNA_repair_mutant,31,6,93971,303778,334160.700450139,149487.118739666,43416,46888.9801108853,28613.412533429,0.140604099765797,0.143332044288358,0.0624055002816221,0.0808121654553,0.534952272509604,0.16070915495206,0.000106415809132605,93971
65,DGY#2090_T6_H04,DGY#2090,DNA_repair_mutant,32,6,92386,298378,330339.333881757,151818.150379152,41563.5,44671.3873530622,30796.0595579451,0.138384985855964,0.135888351166281,0.0672439734526146,0.120656809473297,0.500638624899877,0.14795531790531,9.74173576082956e-05,92386
66,DGY#1_T7_A05,DGY#1,0_Copy_Control,1,7,92241,262533,301437.444834726,156701.909785855,1026,1453.57568760096,4147.51903239083,0.00361079497722251,0.00508363031841483,0.0105481922470719,0.984930779154606,0.00160449257922182,0.000650469964549387,0,92241
67,DGY#620_T7_B05,DGY#620,0_Copy_Control,2,7,92251,250851,287848.010189591,151462.143380524,33898,38084.3635841346,32993.800817413,0.142991567118033,0.131581279688836,0.0779138691090766,0.204214588459746,0.335020758582563,0.159911545674302,0.000140919881627299,92251
68,DGY#500_T7_C05,DGY#500,1_Copy_Control,3,7,91514,262906.5,301700.469589352,155094.363122032,41844,46278.7441921455,31529.5628923788,0.15688870537007,0.157332067064788,0.0736568131346384,0.101591013396857,0.385471075463863,0.234641694167013,0.00026225495552593,91514
69,DGY#1315_T7_D05,DGY#1315,2_Copy_Contol,4,7,91527,255673,288436.166661204,143870.437856806,35624,38239.5189179149,29311.9581341869,0.14239548299542,0.1342475661158,0.0777598411264145,0.189823767849924,0.358724747888601,0.165579555759503,0.00014203459088575,91527
70,DGY#1657_T7_E05,DGY#1657,Wild_Type,5,7,78745,349737,399513.664588228,201433.638792328,2350,3038.77362372214,7077.59968307278,0.00627280475775481,0.00862736645629001,0.0209293250109497,0.949076131817893,0.00134611721379135,0.00270493364658074,0.000190488284970474,78745
71,DGY#2076_T7_F05,DGY#2076,Genomic_Architecture_Mutant,6,7,88708,299633.5,330586.258623799,152583.502076715,23692,24655.7643729991,19375.0395546446,0.0802279977683778,0.0780820660614456,0.048814140994105,0.202834017225053,0.167132614871263,0.0114307615998557,0,88708
72,DGY#2071_T7_G05,DGY#2071,Genomic_Architecture_Mutant,7,7,92989,248526,284696.404477949,142951.104163167,38940,43435.335663358,28927.1832743555,0.154230131459733,0.155249600458538,0.068557694798321,0.0918173117250427,0.36170944950478,0.217014915742722,0.000279602963791416,92989
73,DGY#2150_T7_H05,DGY#2150,Genomic_Architecture_Mutant,8,7,90163,243698,273716.326697204,133559.974981914,28169,30302.1363197764,25737.1077170618,0.124129693748826,0.110741503856165,0.0718033248066973,0.248006388429844,0.314652351851646,0.0893603806439449,5.54551201712454e-05,90163
74,DGY#2084_T7_A06,DGY#2084,DNA_repair_mutant,9,7,92920,251871.5,284555.107544124,134984.621266896,42647,45939.225193715,29109.6993963967,0.16654981736682,0.165619397244708,0.0790778256473656,0.112236332328885,0.338947481704692,0.291358157554886,0.000139905294877314,92920
75,DGY#2086_T7_B06,DGY#2086,DNA_repair_mutant,10,7,92573,238860,266370.981981787,122592.986117522,33826,35828.2220517862,25818.5774452688,0.14613160573379,0.136125127870688,0.0747679955780527,0.178767027102935,0.330928024369957,0.161008069307465,0.000162034286455014,92573
76,DGY#2089_T7_C06,DGY#2089,DNA_repair_mutant,11,7,92874,243951.5,277961.502756423,134665.350596968,68813,74820.9023408058,50185.0729848584,0.27708053658214,0.273445946169196,0.132564832671557,0.123069965760062,0.0320541809333075,0.707259297542908,0.0115640545254861,92874
77,DGY#2090_T7_D06,DGY#2090,DNA_repair_mutant,12,7,90352,232780.5,260275.305726492,120994.972307736,35006,36891.1477997167,28248.681861638,0.155027528082526,0.142642345101903,0.0859739954120144,0.211483973791394,0.284210642819196,0.21105232867009,0.000309899061448557,90352
78,DGY#1972_T7_E06,DGY#1972,GAP1_location_mutant,13,7,92154,255969.5,289720.292825054,139309.483593634,74196,79352.466870673,58017.787002527,0.293650663776904,0.27829969105959,0.155801128894411,0.17119170084858,0.0262278360136294,0.659331119647547,0.0318054560843805,92154
79,DGY#2135_T7_F06,DGY#2135,GAP1_location_mutant,14,7,92318,268368.5,300627.441647349,136480.640710231,44160,46052.96235837,29593.9510291988,0.160273271083244,0.157644102157227,0.0810935454949449,0.135152407981109,0.388873242487922,0.283108386230204,8.66569899694534e-05,92318
80,DGY#2143_T7_G06,DGY#2143,GAP1_location_mutant,15,7,87027,305457,340059.976398129,160729.459412956,42882,47365.7490319096,40578.8069373116,0.156066754473435,0.13250131556123,0.0851445656548928,0.247038275477725,0.40118583887759,0.190159375825893,6.89441207900996e-05,87027
81,DGY#2144_T7_H06,DGY#2144,GAP1_location_mutant,16,7,90086,240445,273084.201485247,135263.264313073,29541,32406.3671824701,24034.7677110786,0.125980506029686,0.119488726666345,0.0655079280651352,0.163987745043625,0.333581244588504,0.0879492928978976,8.88040317030393e-05,90086
82,DGY#1657_T7_A07,DGY#1657,Wild_Type,17,7,92218,256786,291393.856264504,140623.965779797,38270,40720.6483766727,28630.9260540711,0.1488555678987,0.143419656983247,0.0778924090117118,0.160825435381379,0.360396018130951,0.201121256153896,0.000249409009087163,92218
83,DGY#2076_T7_B07,DGY#2076,Genomic_Architecture_Mutant,18,7,91502,236785,266292.456263251,123283.189829804,43273,45566.0113112282,29095.46134683,0.179018469357699,0.176652294949735,0.0909487850746882,0.133177416887063,0.270933968656423,0.344538917182138,0.000994513781119538,91502
84,DGY#2071_T7_C07,DGY#2071,Genomic_Architecture_Mutant,19,7,92475,256041,289464.319221411,141354.730474284,36268,39657.3344255204,30062.7378360638,0.143732875764537,0.137409699347255,0.0751729484046348,0.168769937821033,0.363860502838605,0.179767504731008,0.000108137334414707,92475
85,DGY#2150_T7_D07,DGY#2150,Genomic_Architecture_Mutant,20,7,92847,258527,298503.763740347,153051.105488974,39948,44967.7224896873,30603.3195167424,0.151393893419306,0.153122802747128,0.0704910588616283,0.0975044966450181,0.391461221148772,0.216334399603649,0.00016155610843646,92847
86,DGY#2084_T7_E07,DGY#2084,DNA_repair_mutant,21,7,92188,247435.5,281627.240671237,134945.924044128,42623,45801.1194081659,28381.3833423258,0.167696597033515,0.168009574459992,0.0795653224308084,0.106412982166876,0.331811081702608,0.298683125786436,0.000216947975875385,92188
87,DGY#2086_T7_F07,DGY#2086,DNA_repair_mutant,22,7,91421,233487,262572.465265092,122719.368391053,34835,37056.3623346933,23215.3237423066,0.147147985330945,0.14549854936142,0.0705386452970811,0.118561380864353,0.333227595410245,0.176502116581529,5.46920291836668e-05,91421
88,DGY#2089_T7_G07,DGY#2089,DNA_repair_mutant,23,7,87166,295005.5,325663.886045018,149294.565920001,24110,24828.459869674,14591.5536916426,0.0810458293504071,0.0822586351271743,0.0450751473608276,0.13485762797421,0.154911318633412,0.0101989307757612,0,87166
89,DGY#2090_T7_H07,DGY#2090,DNA_repair_mutant,24,7,90672,318079.5,349070.328734339,160720.507865669,20241,21224.8142094583,15074.552405881,0.0663409456224821,0.063108593344985,0.0376191356032602,0.197326627845421,0.0927629257102523,0.00175357331921652,0,90672
90,DGY#1972_T7_A08,DGY#1972,GAP1_location_mutant,25,7,93620,271437,309411.024951933,161683.570395825,65510,75564.7892757958,56870.2144787659,0.252334785840992,0.244240501879611,0.116954089807107,0.127697073274941,0.0629566331980346,0.675988036744285,0.0054689168980987,93620
91,DGY#2135_T7_B08,DGY#2135,GAP1_location_mutant,26,7,90020,231322.5,261592.61424128,124777.998837531,39566,41453.405532104,29114.0800773023,0.170380906815739,0.163312587459019,0.0933169437507209,0.172950455454343,0.263085980893135,0.292301710730949,0.000533214841146412,90020
92,DGY#2143_T7_C08,DGY#2143,GAP1_location_mutant,27,7,91188,247127,276169.337906303,128799.836819749,30601,32494.772689389,27654.2203229013,0.132988557315389,0.118228777163603,0.0808929738120524,0.267524235645041,0.306959249023994,0.134019827170242,0.000153528973110497,91188
93,DGY#2144_T7_D08,DGY#2144,GAP1_location_mutant,28,7,95239,284489,317658.075557282,151330.755806728,35673,40791.9041779103,28959.6762857606,0.130047542006482,0.127736255888344,0.0603018189074868,0.119415365554027,0.461544115330904,0.0965150831067105,0.000178498304266109,95239
94,DGY#2084_T7_E08,DGY#2084,DNA_repair_mutant,29,7,97183,305148,334283.003416235,144291.832507366,55303,59530.5077431238,40133.4054247055,0.18847799109424,0.176959858345923,0.0876844773117475,0.154059866437546,0.325962359671959,0.393885761913092,8.23189240916621e-05,97183
95,DGY#2086_T7_F08,DGY#2086,DNA_repair_mutant,30,7,89944,248600,281515.257059948,135632.501008328,41790,44053.5329204839,32800.5512724086,0.165619434557017,0.16322712610641,0.0987074640152099,0.158009428088588,0.294961309259095,0.301109579293783,0.0010784488125945,89944
96,DGY#2089_T7_G08,DGY#2089,DNA_repair_mutant,31,7,92992,271102.5,300615.607181263,136014.421014804,39848,42406.4969567275,27661.1786380215,0.144436633765608,0.144040625737125,0.0715425381508939,0.128365880935994,0.42243418788713,0.198135323468685,5.37680660701996e-05,92992
97,DGY#2090_T7_H08,DGY#2090,DNA_repair_mutant,32,7,92414,285338,318996.719274136,149129.526535131,40763,43647.6488519056,29601.4501310953,0.140449213713189,0.139427469192355,0.0715972634243086,0.137641482892202,0.447443028112624,0.184030558140541,4.32834851862272e-05,92414
98,DGY#1_T8_A04,DGY#1,0_Copy_Control,1,8,89638,303865.5,334871.675952163,153114.612641254,538,838.595350186305,1645.42493223181,0.00167611056257055,0.00275095626525501,0.0041533128337276,0.991387581159776,2.23119659073161e-05,6.69358977219483e-05,0,89638
99,DGY#620_T8_B04,DGY#620,0_Copy_Control,2,8,89220,253258,283101.496547859,134214.150143079,461,1295.60167002914,4718.97804046441,0.00170987022050064,0.0048976948127777,0.0122239424393373,0.970836135395651,0.00138982290966151,0.00104236718224613,0,89220
100,DGY#500_T8_C04,DGY#500,1_Copy_Control,3,8,88841,232660,267502.831485463,136067.835848354,35502,39494.573980482,26987.3896954335,0.151613849859883,0.151884221001174,0.0739868519616319,0.104838982001553,0.32672977566664,0.184014137616641,0.000270145540910165,88841
101,DGY#1315_T8_D04,DGY#1315,2_Copy_Contol,4,8,81447,196080,223487.306506071,108385.397097723,29229,30718.1326875146,24713.8833545416,0.155455078288537,0.139477867874527,0.0880524346390103,0.221407786658809,0.188662565840362,0.170724520240156,0.000135057153731875,81447
102,DGY#1657_T8_E04,DGY#1657,Wild_Type,5,8,79378,425130.5,468887.95215299,200554.710495761,1029,1284.2064047973,1284.79930530057,0.00228215531936839,0.00296545042405145,0.00318204268269668,0.968605910957696,1.2597949053894e-05,0,0,79378
103,DGY#2076_T8_F04,DGY#2076,Genomic_Architecture_Mutant,6,8,81764,242466,269621.080475515,125123.793810289,14958,15256.521574287,14625.8939980932,0.0654752045327225,0.0603080378190107,0.053577211684626,0.383408345971332,0.0778704564355951,0.00571156009979942,0,81764
104,DGY#2071_T8_G04,DGY#2071,Genomic_Architecture_Mutant,7,8,91723,235648,267443.947145209,132478.87854905,32584,36467.6265931119,23866.6813313519,0.137876643771788,0.138199887380844,0.0589198873344306,0.0829562923149047,0.362144718336731,0.116819118432672,9.81215180489081e-05,91723
105,DGY#2150_T8_H04,DGY#2150,Genomic_Architecture_Mutant,8,8,81674,193400.5,220912.662511938,106460.726387482,24604,26442.7768812596,20431.921977234,0.132300039860081,0.121596884087623,0.0699918258806121,0.186791390160884,0.203908220486324,0.0782990915101501,0.000110194186644465,81674
106,DGY#2084_T8_A05,DGY#2084,DNA_repair_mutant,9,8,86247,220359,255008.564054402,132525.085370928,34252,37248.1733625517,29387.5710921685,0.159200320941428,0.149496916435942,0.0898327263532274,0.187392025229863,0.238292346400455,0.224912170858117,0.000104351455702807,86247
107,DGY#2086_T8_B05,DGY#2086,DNA_repair_mutant,10,8,83241,209758,235933.543878617,112657.346400665,25188,27411.624463906,29197.8707747284,0.139225561652062,0.117499909029299,0.102476611586719,0.35637486334859,0.155500294326113,0.165771675015918,0.00120133107483091,83241
108,DGY#2089_T8_C05,DGY#2089,DNA_repair_mutant,11,8,84706,224703,258414.579014474,131787.539799855,39573,45197.4785729464,50564.3236558971,0.213104794530755,0.174855922498982,0.160299611777167,0.38902793190565,0.0377541142303969,0.417195948338961,0.00511179845583548,84706
109,DGY#2090_T8_D05,DGY#2090,DNA_repair_mutant,12,8,81738,188755,212674.121803812,97340.2481914209,29950,31462.1816780445,22476.7995671732,0.162190561468219,0.150815744486364,0.0842879195435652,0.173101862047028,0.174105067410507,0.184736597421028,0.000195747387995791,81738
110,DGY#1972_T8_E05,DGY#1972,GAP1_location_mutant,13,8,86964,227333.5,262871.907593947,137820.918625568,61508.5,68165.7127202061,59169.5914748176,0.286706671054276,0.262226040853286,0.16854541391795,0.207833126351134,0.0320822409272803,0.554597304631802,0.0264017294512672,86964
111,DGY#2135_T8_F05,DGY#2135,GAP1_location_mutant,14,8,89542,223750,254876.162683434,123683.132527258,38460.5,40996.315460901,27107.6513919175,0.168952681675745,0.166176633554646,0.0846367321693988,0.128643541578254,0.27304505148422,0.275513167005428,2.2335887069755e-05,89542
112,DGY#2143_T8_G05,DGY#2143,GAP1_location_mutant,15,8,93965,251808,280416.465386048,126712.334940039,41603,45218.3758527111,31712.4046078582,0.173966809077052,0.160476421473063,0.0825047529021583,0.156547650721013,0.29523758846379,0.290054807641143,6.38535624966743e-05,93965
113,DGY#2144_T8_H05,DGY#2144,GAP1_location_mutant,16,8,81925,200154,228257.450595056,111048.658207354,24125,25647.4152334452,20887.0725757725,0.126969684929874,0.113890475729687,0.0710044117563806,0.217577052181874,0.213341470857492,0.0668050045773573,1.22062862374123e-05,81925
114,DGY#1657_T8_A06,DGY#1657,Wild_Type,17,8,87347,226170,262914.463541965,138286.397089985,33984,37490.5299094416,27541.1784835213,0.152287968859083,0.147192506975603,0.0784598523438667,0.142202937708221,0.288618956575498,0.182524872062006,0.000137383081273541,87347
115,DGY#2076_T8_B06,DGY#2076,Genomic_Architecture_Mutant,18,8,85941,203187,233921.420916675,116518.038277958,37432,40960.9550156503,26317.8368241566,0.18028761696302,0.181783987031882,0.0884552083603845,0.0987770679885037,0.212087362260155,0.289850013381273,0.000814512281681619,85941
116,DGY#2071_T8_C06,DGY#2071,Genomic_Architecture_Mutant,19,8,89014,215883.5,249553.708158267,128451.180859108,32230,36020.0315006628,26415.2584215801,0.151509451045062,0.146563332294062,0.074029224639583,0.131484934954052,0.2697328510122,0.171141618172422,0.000123576066686139,89014
117,DGY#2150_T8_D06,DGY#2150,Genomic_Architecture_Mutant,20,8,89334,207794.5,242524.721281931,126872.024684003,34045,38821.5026529653,26060.7161226989,0.162072469322669,0.163545238379571,0.0698123524571631,0.0756374952425728,0.256296594801531,0.209763359974926,0.000156715248393669,89334
118,DGY#2084_T8_E06,DGY#2084,DNA_repair_mutant,21,8,88576,225098.5,260849.826002529,134151.532956712,37755,41107.0126445087,27058.262061384,0.165015045856905,0.164712394270228,0.0829436886876386,0.110729768786127,0.279996838872832,0.251241871387283,0.00014676661849711,88576
119,DGY#2086_T8_F06,DGY#2086,DNA_repair_mutant,22,8,86450,200797,228099.99713129,108427.207514901,30311,32928.1657258531,19671.484605597,0.148857546609152,0.149280431634261,0.0654669537240221,0.0838172353961828,0.250075187969925,0.138496240601504,4.62695199537305e-05,86450
120,DGY#2089_T8_G06,DGY#2089,DNA_repair_mutant,23,8,83957,241369,268451.38056386,123803.281503431,20338,20806.2685064974,14824.4217492618,0.0840258791964544,0.0828691041971495,0.0525494582889719,0.192003049179937,0.112200293007135,0.0146027132937099,0,83957
121,DGY#2090_T8_H06,DGY#2090,DNA_repair_mutant,24,8,88357,256351,286267.767828242,136984.706612525,17024,18054.8743845988,14026.7304541784,0.0703166134297448,0.066006671687757,0.0416096226244311,0.213282479033919,0.070373598017135,0.00315764455560963,0,88357
122,DGY#1972_T8_A07,DGY#1972,GAP1_location_mutant,25,8,89395,220016,256912.744404049,134914.530517522,59040,65430.4465014822,47318.8553681022,0.271560244308717,0.262688330756331,0.136059254809574,0.136327535097041,0.0404720621958723,0.621007886347111,0.00784160187929974,89395
123,DGY#2135_T8_B07,DGY#2135,GAP1_location_mutant,26,8,84507,201069,228191.476990072,109541.944972569,33018,34505.3570828452,25442.719180087,0.166129900641183,0.155042666864651,0.0923324217508698,0.187735927201297,0.193948430307548,0.228986947826807,0.00031950015975008,84507
124,DGY#2143_T8_C07,DGY#2143,GAP1_location_mutant,27,8,88620,217199.5,245607.359422252,117636.904995428,30260,33476.4931166779,23741.9274718444,0.144797834765384,0.137763620165099,0.0695616466870211,0.136109230422027,0.286289776574137,0.128853531934101,0.000225682690137666,88620
125,DGY#2144_T8_D07,DGY#2144,GAP1_location_mutant,28,8,89494,215694,246680.579949494,120773.873108618,29320,32816.6607929023,22878.1473653809,0.141039769477595,0.135900228790104,0.0669847278924884,0.122935615795472,0.280409859878875,0.11571725478803,0.000223478668961048,89494
126,DGY#2084_T8_E07,DGY#2084,DNA_repair_mutant,29,8,94264,252574.5,281114.941907833,128835.225707466,44469,48201.5806034117,33762.175311413,0.18493754717875,0.172221636351679,0.0882200620291894,0.156220826614614,0.250625901722821,0.356668505473988,0.00020156157175592,94264
127,DGY#2086_T8_F07,DGY#2086,DNA_repair_mutant,30,8,87732,226270,260494.329606073,132105.950646067,36045,39091.0925431997,27292.9290890849,0.15629192705319,0.157181613801391,0.0871875412927546,0.129861396069849,0.285004331372817,0.217811060958373,0.000535722427392514,87732
128,DGY#2089_T8_G07,DGY#2089,DNA_repair_mutant,31,8,89311,215848,244409.475115047,116393.607080646,32639,34912.7963856636,24021.9158621863,0.151766741878245,0.145890061333273,0.0746689990784547,0.141404754173618,0.2742327372888,0.173741196493153,2.23936581160215e-05,89311
129,DGY#2090_T8_H07,DGY#2090,DNA_repair_mutant,32,8,90193,224702,256130.484394576,124536.372542644,32425,35087.7261650017,24881.0197763363,0.14565246132828,0.139990691744326,0.073225038127179,0.146397170512124,0.295122681361081,0.159502400408014,6.65240096238067e-05,90193
130,DGY#1_T11_A05,DGY#1,0_Copy_Control,1,11,90907,271338,310659.12305983,164927.951948676,1068,1316.57258516946,1532.28933055148,0.00367209118359533,0.00467986713517627,0.00543004614650165,0.985776672863476,0.000165003795087287,5.50012650290957e-05,0,90907
131,DGY#620_T11_B05,DGY#620,0_Copy_Control,2,11,90314,234792,274949.937052949,155243.341400147,39403,48041.4562304848,32955.3749992393,0.167203762707987,0.177392653618709,0.0560765797163079,0.0120357862568373,0.35766326372434,0.241856190623824,0.000287884491883872,90314
132,DGY#500_T11_C05,DGY#500,1_Copy_Control,3,11,90801,271354,307422.981475975,155181.25354711,45957,51833.6219645158,29158.156830669,0.166643994801872,0.176480234876668,0.0632654432263638,0.0192178500236782,0.438111915067015,0.268488232508453,0.000363432120791621,90801
133,DGY#1315_T11_D05,DGY#1315,2_Copy_Contol,4,11,92615,328496,360194.514301139,180771.147358003,47339,56410.4763915132,37378.9041747733,0.151688272606302,0.156810810811747,0.0548271802279546,0.0240133887599201,0.576407709334341,0.125174107865896,0.000377908546131836,92615
134,DGY#1657_T11_E05,DGY#1657,Wild_Type,5,11,90751,265382,311713.379962755,163739.045392155,1686,1914.06298553184,1553.98775848473,0.00580313900960904,0.00666774031463649,0.00546982414619824,0.976859759121112,0,0,0,90751
135,DGY#2076_T11_F05,DGY#2076,Genomic_Architecture_Mutant,6,11,87210,263277.5,293852.330076826,140107.656704646,25577,27857.4747620686,12440.5280942989,0.0958921460211458,0.103625836098955,0.0410927205157529,0.00892099529870428,0.172938883155601,0.0202385047586286,1.14665749340672e-05,87210
136,DGY#2071_T11_G05,DGY#2071,Genomic_Architecture_Mutant,7,11,92117,246569,282776.294777294,144787.342561072,41148,47233.8778727054,27856.1704896341,0.162746977175076,0.171763926376344,0.0576190963036289,0.0186393391013602,0.382187869774309,0.244797377248499,0.000455941899975032,92117
137,DGY#2150_T11_H05,DGY#2150,Genomic_Architecture_Mutant,8,11,89667,231949,263927.682781848,134131.41180327,33645,38775.9443161921,23040.3509724069,0.143322622980495,0.150309094849783,0.0456687769638458,0.0145092397426032,0.381121259772269,0.125609198478816,5.57618744911729e-05,89667
138,DGY#2084_T11_A06,DGY#2084,DNA_repair_mutant,9,11,91158,252687.5,289388.025187038,148725.485662401,44729.5,50419.5203931635,29283.4474697973,0.172670685987567,0.181872244180289,0.0674938415287443,0.0333048114263148,0.37063121174225,0.299831062550736,0.000219399284758332,91158
139,DGY#2086_T11_B06,DGY#2086,DNA_repair_mutant,10,11,91183,236681,273186.273285591,143983.736283431,39766,46445.3258721472,27666.6141037369,0.166578291341058,0.175905562935194,0.0570289147740013,0.0120746191724335,0.367985260410384,0.233464571246833,0.000372876523036092,91183
140,DGY#2089_T11_C06,DGY#2089,DNA_repair_mutant,11,11,91781,242487,280250.770813131,147443.800374296,75315,87243.9113542018,52996.0153667309,0.302277301416179,0.320873259845698,0.105583708381203,0.014360270644251,0.0260620389841035,0.769374925093429,0.0233599546747148,91781
141,DGY#2090_T11_D06,DGY#2090,DNA_repair_mutant,12,11,90267,226126,254017.022034631,121455.134755785,39099,44557.6684281077,24245.2623611314,0.170206016752257,0.179783485985674,0.0553509424190955,0.0113662800358935,0.335039383163282,0.249326996576822,0.000587147019398008,90267
142,DGY#1972_T11_E06,DGY#1972,GAP1_location_mutant,13,11,90238,247147,283634.992763581,148317.125858579,88120.5,102019.976107626,60030.105425188,0.347305523616548,0.371788630793938,0.12235196363817,0.00888760832465259,0.00954143487222678,0.726279394490126,0.0713225027150424,90238
143,DGY#2135_T11_F06,DGY#2135,GAP1_location_mutant,14,11,92881,257139,291880.038296315,145827.081541933,46748,53629.3649293182,30319.6151358355,0.177971261568436,0.190716853056555,0.0632705263794617,0.00894693209590767,0.394580161712299,0.352612482639076,0.000279928080016365,92881
144,DGY#2143_T11_G06,DGY#2143,GAP1_location_mutant,15,11,94571,258012,290447.341415445,139240.611866363,51977,59534.9488426685,33149.2783850757,0.196867288409346,0.208298721192144,0.0624445998957901,0.0114940097915852,0.30288354781064,0.440409850799928,0.00069788835901069,94571
145,DGY#2144_T11_H06,DGY#2144,GAP1_location_mutant,16,11,90246,228729,258476.571205372,126828.950353116,33517,38356.3838175653,21436.6789746797,0.143849359301556,0.15185600354587,0.0455216254594343,0.00995057952707045,0.373445914500366,0.128083239146333,0.000177293176428872,90246
146,DGY#1657_T11_A07,DGY#1657,Wild_Type,17,11,90543,271121,315646.185514065,172654.740129651,46163,52942.2687010592,30845.7133105133,0.167354229354297,0.177668840087105,0.0640517588087435,0.0130987486608573,0.429486542305866,0.266282318898203,0.00051909037694797,90543
147,DGY#2076_T11_B07,DGY#2076,Genomic_Architecture_Mutant,18,11,89490,229946.5,260410.578466868,126407.217274146,46297.5,52676.9406078891,28829.4262858875,0.193217923285957,0.210882186309612,0.0786181053227709,0.0108391999106045,0.282970164264164,0.394278690356464,0.00391105151413566,89490
148,DGY#2071_T11_C07,DGY#2071,Genomic_Architecture_Mutant,19,11,91848,240805.5,278035.430504747,148400.092993767,40744,48026.2871265569,31486.4138891814,0.16733015059823,0.176567237805168,0.0647324637453176,0.0302347356502047,0.352038149986935,0.262727549864994,0.00115408065499521,91848
149,DGY#2150_T11_D07,DGY#2150,Genomic_Architecture_Mutant,20,11,91598,232794,268323.729164392,138853.378443373,40052.5,46770.2191314221,29243.8147911411,0.169258301517903,0.177999176293863,0.0610282928375747,0.0262232799842791,0.330705910609402,0.273412083233258,0.000393021681696107,91598
150,DGY#2084_T11_E07,DGY#2084,DNA_repair_mutant,21,11,91347,265531,313084.885885689,172767.899947152,46207,51674.9339441908,35811.85841762,0.177098346868053,0.183659026225642,0.0943136840205328,0.0946281760758427,0.315620655303403,0.34393028780365,0.00166398458624804,91347
151,DGY#2086_T11_F07,DGY#2086,DNA_repair_mutant,22,11,90039,229254,258769.083985828,125649.768132213,36648,41357.6935661214,21951.1467615588,0.155505877456213,0.165556419021071,0.053273134947274,0.0115616566154666,0.366307933228934,0.191394840013772,0.000133275580581748,90039
152,DGY#2089_T11_G07,DGY#2089,DNA_repair_mutant,23,11,88724,266631.5,295901.651503539,137303.854079838,25246,27312.040710518,12745.9703199725,0.0939793799210586,0.100577844999561,0.041859156649236,0.0260921509399937,0.166978495108426,0.0204792389883233,1.12709075334746e-05,88724
153,DGY#2090_T11_H07,DGY#2090,DNA_repair_mutant,24,11,92364,287457.5,319273.521989087,152601.258190066,22924,25812.2282274479,13199.1716930011,0.0803942380080719,0.0853159411207379,0.0309548996498171,0.0129704213762938,0.131717985362262,0.00609544844311637,0,92364
154,DGY#1972_T11_A08,DGY#1972,GAP1_location_mutant,25,11,91429,252911,296403.60640497,163961.507448377,71109,79854.7083091798,54666.8912981834,0.291418031402234,0.295148748689138,0.131796263065805,0.0896214548994302,0.0236905139507159,0.710704481072745,0.0200920933183126,91429
155,DGY#2135_T11_B08,DGY#2135,GAP1_location_mutant,26,11,88961,220191,247483.190128258,117128.389919644,42209,47565.9353536943,32836.9903372613,0.187596781154012,0.199040414154387,0.0735570237849394,0.0243814705320309,0.268758219894111,0.348343656208901,0.00130394217690898,88961
156,DGY#2143_T11_C08,DGY#2143,GAP1_location_mutant,27,11,91864,239512.5,274248.448652356,140404.61853121,38760,45400.2017329966,27742.3891318567,0.159345595112296,0.169873654755236,0.0595523214983546,0.0104284594618131,0.379528433336236,0.208155534268048,0.00117565096229208,91864
157,DGY#2144_T11_D08,DGY#2144,GAP1_location_mutant,28,11,93181,245926,279408.515437697,139998.893992103,38205,44760.6010023503,27266.6662182384,0.154412912108927,0.164162880254586,0.0608611588023396,0.0132323113080993,0.394941028750496,0.189512883527758,0.00172782004915165,93181
158,DGY#2084_T11_E08,DGY#2084,DNA_repair_mutant,29,11,94590,264711,298012.496426684,145985.606460857,50929,58716.6966909821,32522.4097230422,0.188803489358738,0.200898477153356,0.0588602988081953,0.00709377312612327,0.362416745956232,0.377566338936463,0.000465165450893329,94590
159,DGY#2086_T11_F08,DGY#2086,DNA_repair_mutant,30,11,90635,243271,276061.850543388,136948.720291473,48067,56035.8520549457,33596.9731730293,0.189329802403748,0.212831111537131,0.09172292205123,0.00741435427814862,0.316345782534341,0.38943013184752,0.0069288906051746,90635
160,DGY#2089_T11_G08,DGY#2089,DNA_repair_mutant,31,11,92809,248483,282068.242013167,138981.658304754,41050,46901.2042043336,28444.0528105817,0.163055292416613,0.171217688427327,0.0608257572925067,0.0279929748192524,0.387613270264737,0.251462681420983,0.000441767500996671,92809
161,DGY#2090_T11_H08,DGY#2090,DNA_repair_mutant,32,11,93122,255052.5,291068.501600052,146209.967008646,42154,49129.5288438822,32396.9000247976,0.161906301832825,0.172311109296083,0.0556048611325552,0.00951440046390756,0.416604024827645,0.25115439960482,0.000343635231202079,93122
162,DGY#1_T13_A01,DGY#1,0_Copy_Control,1,13,87919,324980,365501.514883017,183641.620606271,1191,1438.67620195862,1368.17715316667,0.00344922249132204,0.0043917399532143,0.00457985304577079,0.985316029527178,0,1.13741057109385e-05,0,87919
163,DGY#620_T13_B01,DGY#620,0_Copy_Control,2,13,91026,337253.5,381264.267011623,185580.814142794,63194,72649.2961131984,43297.3665413332,0.184151804224969,0.19662505306793,0.0791865467005242,0.0290686177575638,0.475084041922088,0.391778173269176,0.00219717443367829,91026
164,DGY#500_T13_C01,DGY#500,1_Copy_Control,3,13,85205,352296,394723.799894372,196505.824754791,70647,77647.5298984801,36804.4580445972,0.196724383344444,0.21819361843475,0.0970553868102076,0.0109031160143184,0.46451499325157,0.425280206560648,0.00467108737750132,85205
165,DGY#1315_T13_D01,DGY#1315,2_Copy_Contol,4,13,91205,340049,380688.629669426,178141.77324236,70206,78117.1705169673,39472.3963238724,0.197609440648253,0.21608049294425,0.0842952046272781,0.00737898141549257,0.43886848308755,0.451576119730278,0.00632640754344608,91205
166,DGY#1657_T13_E01,DGY#1657,Wild_Type,5,13,87836,428846,478611.414784371,211833.488544011,2260,2472.82042670431,1802.29692856428,0.00501559988681844,0.0055867109246593,0.0041782199006235,0.975602258754952,0,0,0,87836
167,DGY#2076_T13_F01,DGY#2076,Genomic_Architecture_Mutant,6,13,88170,361409.5,393385.725382783,171113.221626291,36778,39339.0788590223,16851.6509843112,0.102740516523683,0.108252251930553,0.0429101615476381,0.0213904956334354,0.43343540886923,0.0378246569127821,2.26834524214585e-05,88170
168,DGY#2071_T13_G01,DGY#2071,Genomic_Architecture_Mutant,7,13,88586,314019.5,356812.601900978,179376.071259724,60268,67459.7841532522,34750.9470305432,0.186360719378102,0.203374503841905,0.0833533362198117,0.0097870995416883,0.456990946650712,0.388684442236922,0.00220125076197142,88586
169,DGY#2150_T13_H01,DGY#2150,Genomic_Architecture_Mutant,8,13,92317,329046,370005.78664818,175005.126448379,56117,62465.5405179978,31809.6489202674,0.16417624268717,0.176749711453852,0.0644757473707531,0.00997649403685128,0.561684196843485,0.277846983762471,0.000563276536282592,92317
170,DGY#2084_T13_A02,DGY#2084,DNA_repair_mutant,9,13,85380,339880,384556.29170766,194730.822720348,74364.5,83914.752073085,48615.3109246903,0.209684418557956,0.235412662412701,0.116037708550034,0.036284844225814,0.364886390255329,0.471609276177091,0.0172874209416725,85380
171,DGY#2086_T13_B02,DGY#2086,DNA_repair_mutant,10,13,92886,343523.5,386175.18471029,181073.891473023,62758,70434.5047369894,36301.0193965915,0.176966476749185,0.190841135162907,0.0712649759825662,0.00970006244213337,0.535430527743686,0.34815795706565,0.00125960855241909,92886
172,DGY#2089_T13_C02,DGY#2089,DNA_repair_mutant,11,13,90531,319806,361821.835691642,177876.988875946,102779,115225.009112901,59233.756391339,0.311853002833446,0.337745513367966,0.12978085153637,0.00932277341463145,0.0726601937457887,0.755122554705018,0.0582783797815113,90531
173,DGY#2090_T13_D02,DGY#2090,DNA_repair_mutant,12,13,91343,337683,376260.116308858,174980.373029842,65687,72735.0290772145,36994.6875173908,0.186369709804564,0.202890371296627,0.0784133720118653,0.0118235661189144,0.483003623704061,0.398979670034923,0.00350327885004872,91343
174,DGY#1972_T13_E02,DGY#1972,GAP1_location_mutant,13,13,86727,362690,410232.651561797,206206.386120686,145833,163457.92331108,93488.2616786926,0.391497138047794,0.433682799564131,0.214760782625101,0.0331615298580603,0.0343606950545966,0.559422094618746,0.25036032608069,86727
175,DGY#2135_T13_F02,DGY#2135,GAP1_location_mutant,14,13,53969,643528,679829.152365247,256082.645960495,136953,145114.591987993,73081.4106777897,0.212030271662375,0.216833247599531,0.0821896171963864,0.0279419666845782,0.411995775352517,0.516981971131576,0.0064296170023532,53969
176,DGY#2143_T13_G02,DGY#2143,GAP1_location_mutant,15,13,92936,417584,462476.195037445,197722.848362786,92552.5,102177.594333735,50117.582233627,0.21361025036716,0.22673207098572,0.0759535050434273,0.00790866833089438,0.419342343117845,0.527147714556254,0.00493888267194629,92936
177,DGY#2144_T13_H02,DGY#2144,GAP1_location_mutant,16,13,91459,333390,370941.225970107,170513.544433816,59051,65101.4119113483,31836.5375700307,0.170404326729068,0.184770469891878,0.0692501435025348,0.00709607583726041,0.547294416077149,0.315124810024164,0.0012683278846259,91459
178,DGY#1657_T13_A03,DGY#1657,Wild_Type,17,13,88406,343209,388573.260683664,196461.718483753,62035,69181.4068275909,37353.6311474338,0.175238489489624,0.193528018461907,0.0908771803357736,0.0272832160713074,0.51226161120286,0.332420876411103,0.00272605931724091,88406
179,DGY#2076_T13_B03,DGY#2076,Genomic_Architecture_Mutant,18,13,86429,373054,416267.300165454,196121.886554143,92088,104656.725497229,56687.5102384726,0.239245160842719,0.268927021946026,0.122780314431222,0.00665285957259716,0.315461245646716,0.560205486584364,0.0440939962281179,86429
180,DGY#2071_T13_C03,DGY#2071,Genomic_Architecture_Mutant,19,13,89355,319992,364766.716669464,186987.422025254,57286,67715.9019528846,41306.7690800086,0.177104461128397,0.191619193850349,0.0752022763516426,0.0150635107156846,0.483117900509205,0.345811650159476,0.00215992389905433,89355
181,DGY#2150_T13_D03,DGY#2150,Genomic_Architecture_Mutant,20,13,90183,316725,364601.830500205,186559.498918951,56763,66826.7035583203,40130.003374718,0.176675248192533,0.189055967793494,0.0704075401804942,0.0126742290675626,0.482108601399377,0.348957120521606,0.00130845059490148,90183
182,DGY#2084_T13_E03,DGY#2084,DNA_repair_mutant,21,13,81719,414613,459746.056779941,215890.646924657,94347,103533.456087324,52969.9555862877,0.222459943523711,0.242182557545591,0.108425698857137,0.0225773687881643,0.374429447252169,0.525422484367161,0.0200442981436386,81719
183,DGY#2086_T13_F03,DGY#2086,DNA_repair_mutant,22,13,89946,333365.5,372319.750105619,176153.543821754,61300,68114.6531029729,33619.4082516956,0.178944795648669,0.194826224342801,0.0761217278931783,0.00579236430747337,0.514920063149001,0.359048762590888,0.00154537166744491,89946
184,DGY#2089_T13_G03,DGY#2089,DNA_repair_mutant,23,13,87797,343945,378031.265863298,172980.049884331,33342,36014.6264450949,14961.5880031526,0.0974193990006161,0.104549958850254,0.0413631725622877,0.00744900167431689,0.338758727519164,0.0319942594849482,1.13899108169983e-05,87797
185,DGY#2090_T13_H03,DGY#2090,DNA_repair_mutant,24,13,90891,341337,372752.551231695,173246.871516201,26342,29480.1930884246,15015.745209821,0.0780281786471514,0.0837648043985155,0.0335804959692985,0.0130595988601732,0.171744177091241,0.00884576030630095,0,90891
186,DGY#1972_T13_A04,DGY#1972,GAP1_location_mutant,25,13,90079,341370,383082.573085847,185112.975188208,119867,133011.283584409,67920.4044650444,0.342088364238883,0.370436700535954,0.151877645225446,0.0158749542068629,0.0408419276412926,0.721944071315179,0.110480800186503,90079
187,DGY#2135_T13_B04,DGY#2135,GAP1_location_mutant,26,13,89493,347517,384582.460706424,178920.567919483,79604,88120.576469668,45247.5782776606,0.222883162132442,0.244804503793587,0.104820319077505,0.016034773669449,0.35002737644285,0.540265719106522,0.0149844121886628,89493
188,DGY#2143_T13_C04,DGY#2143,GAP1_location_mutant,27,13,95644,343653,378319.829544979,176097.567213195,52479,60192.541089875,36773.0917268971,0.147151343906842,0.159462092852316,0.0642879463998469,0.0138639120070261,0.625643009493539,0.152544853832964,0.00235247375684831,95644
189,DGY#2144_T13_D04,DGY#2144,GAP1_location_mutant,28,13,92091,325435,368113.438055836,180869.849828068,50058,58793.7779587582,36108.741750226,0.150885701459365,0.165124312637394,0.0772165756939939,0.0128242716443518,0.575810882713837,0.193004745306273,0.00479960039526121,92091
190,DGY#2084_T13_E04,DGY#2084,DNA_repair_mutant,29,13,89175,424028,465217.597218952,202737.508077714,107806,118846.445977011,59265.7629945522,0.248126422905847,0.267303270930612,0.10609068411856,0.0194112699747687,0.268303896832072,0.639439304737875,0.0256237734791141,89175
191,DGY#2086_T13_F04,DGY#2086,DNA_repair_mutant,30,13,84076,470227,506005.858949046,210247.737241833,113148,129723.699973833,75208.8996361759,0.238183379212751,0.266433210903421,0.129087343511492,0.0165683429278272,0.34842285551168,0.524882249393406,0.0621461534801846,84076
192,DGY#2089_T13_G04,DGY#2089,DNA_repair_mutant,31,13,84807,486166,528416.892992324,218680.32787954,87225,96917.4224769182,47446.5298557927,0.180564152444955,0.189121644825466,0.066489845982029,0.00891435848455906,0.625137075948919,0.327296095841145,0.00185126227787801,84807
193,DGY#2090_T13_H04,DGY#2090,DNA_repair_mutant,32,13,91159,381321,422783.281409406,190167.919717982,57265,65064.6939632949,34311.3161745542,0.149483197423778,0.158341879945994,0.0525797522327504,0.00815059401704714,0.692043572219967,0.187529481455479,0.000230366721881548,91159
194,DGY#1_T14_A01,DGY#1,0_Copy_Control,1,14,85417,347444,389013.2817589,187706.838905139,1281,1553.43983047871,1458.38803151816,0.00347308583766793,0.00443490648016178,0.00455195063581619,0.981701534823279,0,0,0,85417
195,DGY#620_T14_B01,DGY#620,0_Copy_Control,2,14,87255,284883,339288.387267205,189962.394923126,65210,78243.4804309209,48492.6739705962,0.224800985452536,0.242242857812607,0.0920440764564513,0.0139361641166695,0.26541745458713,0.585903386625408,0.00504269096326858,87255
196,DGY#500_T14_C01,DGY#500,1_Copy_Control,3,14,80487,345662,392439.920148595,198709.659697051,77195,81932.8589213165,48182.6078219004,0.218074211482297,0.231717315868041,0.126469784040013,0.0849578192751625,0.318225303465156,0.492539167815921,0.0117658752345099,80487
197,DGY#1315_T14_D01,DGY#1315,2_Copy_Contol,4,14,89666,362920.5,398835.505944282,169428.106697647,2268.5,2878.61611982245,7551.39040974338,0.00600757897533489,0.00723815258308936,0.0128176655050927,0.976579751522316,0.00169517988981331,0.00119331742243437,2.23049985501751e-05,89666
198,DGY#1657_T14_E01,DGY#1657,Wild_Type,5,14,86806,385152,446500.929048683,206838.842280171,2941,3192.6740432689,2078.59427082061,0.00702433240060536,0.00763620758978519,0.00489678066917443,0.966845609750478,0,0,0,86806
199,DGY#2076_T14_F01,DGY#2076,Genomic_Architecture_Mutant,6,14,86264,292715,325434.088576927,149287.195366304,35886,38450.9364277103,15321.2676175487,0.123283639363969,0.130730409978559,0.0524557463060916,0.0110358898265789,0.39754706482426,0.0953816192154317,1.15923212464064e-05,86264
200,DGY#2071_T14_G01,DGY#2071,Genomic_Architecture_Mutant,7,14,85569,320616,367631.856455025,187680.860896527,74170,82515.2886909979,41808.0860568768,0.223274728264978,0.244061313301119,0.104095583281951,0.0160805899332702,0.330657130502869,0.542544613119237,0.00971146092627003,85569
201,DGY#2150_T14_H01,DGY#2150,Genomic_Architecture_Mutant,8,14,90411,295738,339939.749842386,174106.412519218,53873,60487.096227229,35183.4259995467,0.176862660472388,0.188322835252814,0.0817504576647982,0.0462996759243897,0.422879959296988,0.350211810509783,0.000940151087810112,90411
202,DGY#2084_T14_A02,DGY#2084,DNA_repair_mutant,9,14,77243,405227,459072.142122911,225356.455758157,112402,124491.168753156,64455.2856805742,0.270520620274588,0.293376836951354,0.129815242129821,0.020221897129837,0.201908263531971,0.664474450759292,0.0480302422225962,77243
203,DGY#2086_T14_B02,DGY#2086,DNA_repair_mutant,10,14,92102,288456.5,331515.620127685,167006.307361253,62191,70906.478122082,37942.624530212,0.209813871359276,0.225897606435979,0.0840844348436283,0.00935918872554342,0.329048229137261,0.515276541226032,0.00271438188095807,92102
204,DGY#2089_T14_C02,DGY#2089,DNA_repair_mutant,11,14,87922,314873,362393.961863925,183422.239114739,127287,142048.890698574,72988.5659688564,0.389489792327364,0.421266316316116,0.17123898944015,0.0146038534155274,0.0108050317326721,0.640943108664498,0.192591160346671,87922
205,DGY#2090_T14_D02,DGY#2090,DNA_repair_mutant,12,14,88839,300804,344097.457940769,173276.623922456,71630,80738.4090545819,43259.4694934006,0.228966283664344,0.249979514905315,0.100507900422294,0.0105696822341539,0.283163925753329,0.589988631119216,0.0100969168946071,88839
206,DGY#1972_T14_E02,DGY#1972,GAP1_location_mutant,13,14,80324,390835,446898.341006424,227066.989730927,192536.5,216630.938150491,119094.670609835,0.484994080433508,0.52558754890941,0.239308594105627,0.0186121209103132,0.0147029530401872,0.403291668741597,0.41757133608884,80324
207,DGY#2135_T14_F02,DGY#2135,GAP1_location_mutant,14,14,6024,567552,593662.699037185,333623.111668802,54847,99691.7661022576,115426.703108543,0.155988495720673,0.140071134401368,0.124735077152716,0.297144754316069,0.187583001328021,0.336487383798141,0.00249003984063745,6024
208,DGY#2143_T14_G02,DGY#2143,GAP1_location_mutant,15,14,86966,468745.5,515354.106811857,210931.180879145,123462,133371.360842168,61308.9995834052,0.257270776533412,0.270952604139129,0.102423186155724,0.023273463192512,0.234574431386979,0.680564818434791,0.0220200998091208,86966
209,DGY#2144_T14_H02,DGY#2144,GAP1_location_mutant,16,14,88414,304147,348612.982683738,176335.538589094,62512,69880.6478725089,37786.4927344853,0.197826185052322,0.214505195403462,0.0884293286085284,0.0192277241160902,0.390153143167372,0.458683014002307,0.00346099034089624,88414
210,DGY#1657_T14_A03,DGY#1657,Wild_Type,17,14,88090,352137,407016.193688273,211039.143735972,68818.5,75176.0442729027,47813.697307258,0.188409299700252,0.202821116806679,0.112605189114511,0.0626972414576002,0.381337268702463,0.399046429787717,0.00708366443410149,88090
211,DGY#2076_T14_B03,DGY#2076,Genomic_Architecture_Mutant,18,14,82985,420611,467882.647382057,207089.128437936,121800,138797.657118756,77903.6226220558,0.283018139155373,0.314719444982777,0.152438586940106,0.0217147677291077,0.199807194071218,0.623172862565524,0.102596854853287,82985
212,DGY#2071_T14_C03,DGY#2071,Genomic_Architecture_Mutant,19,14,87324,301753,355782.775708854,190882.780253657,68685,80623.9540561587,46511.6971442995,0.223015381290076,0.238854777440567,0.0900981090880699,0.0139022490953232,0.295932389721039,0.58716962118089,0.00446612615088635,87324
213,DGY#2150_T14_D03,DGY#2150,Genomic_Architecture_Mutant,20,14,88189,297220,348128.173162186,184157.271786899,65327,75225.6553878602,43385.659876814,0.215272021441202,0.227895767021575,0.088375156685829,0.0242774042114096,0.313542505301115,0.550851013164907,0.0023018743834265,88189
214,DGY#2084_T14_E03,DGY#2084,DNA_repair_mutant,21,14,83864,368675,426054.710769818,221423.224664804,78472,90110.9028546218,53089.4951873171,0.207671536235967,0.223601993718104,0.0922914484635786,0.0217971954593151,0.392313746065058,0.499916531527235,0.00742869407612325,83864
215,DGY#2086_T14_F03,DGY#2086,DNA_repair_mutant,22,14,85380,341447,388995.654673226,193059.408335488,77805.5,87221.5206840009,44163.9963287555,0.223737208750901,0.241507388205818,0.0977514605831729,0.0153431717029749,0.343675333801827,0.560400562192551,0.00870227219489342,85380
216,DGY#2089_T14_G03,DGY#2089,DNA_repair_mutant,23,14,85451,275902,308611.392248189,141833.669607194,31774,32389.0861312331,17126.6891099515,0.114163393785376,0.116947465924182,0.0633418405351556,0.104047933903641,0.300172028413945,0.0841885993142269,1.17026131935261e-05,85451
217,DGY#2090_T14_H03,DGY#2090,DNA_repair_mutant,24,14,88022,289042,322357.628297471,154281.06532959,27546,30539.0970666424,14747.4716690752,0.0953217893718291,0.102772124662842,0.0440462835855092,0.0181886346595169,0.234702687964373,0.0245052373270319,1.13607961645952e-05,88022
218,DGY#1972_T14_A04,DGY#1972,GAP1_location_mutant,25,14,86418,344686.5,398095.043440024,204190.608179461,143954.5,162925.689451272,87860.7637656188,0.406258136982419,0.4387057226018,0.181025251745303,0.0132495544909625,0.00847045754356731,0.604538406350529,0.243143789488301,86418
219,DGY#2135_T14_B04,DGY#2135,GAP1_location_mutant,26,14,85261,345160,391201.614337153,189704.807622313,95879,107940.04824011,54900.8524486547,0.27344176076911,0.297111147660835,0.124221238993932,0.0115644902124066,0.195294448810124,0.68137835587197,0.0392207457102309,85261
220,DGY#2143_T14_C04,DGY#2143,GAP1_location_mutant,27,14,89762,268604.5,307532.56566253,154755.145729289,54695,62634.5301463871,36344.4897019357,0.196457714212495,0.214136788331171,0.0903280337945941,0.0125220026291749,0.344577883736993,0.439428711481473,0.00623872017111918,89762
221,DGY#2144_T14_D04,DGY#2144,GAP1_location_mutant,28,14,90271,272837,314252.689911489,161323.047962805,53897,62938.261224535,38806.485611426,0.191974388387736,0.208678477810073,0.0903514502009863,0.0138471934508314,0.357146813483843,0.413864917858448,0.00796490567291821,90271
222,DGY#2084_T14_E04,DGY#2084,DNA_repair_mutant,29,14,77280,529440.5,576361.847101449,229615.271300946,151049,163399.967339545,79494.1989417776,0.28028316325133,0.292607822707077,0.108998809133074,0.0293995859213251,0.133786231884058,0.761930641821946,0.0354684265010352,77280
223,DGY#2086_T14_F04,DGY#2086,DNA_repair_mutant,30,14,81989,487607,535031.81410921,213115.361018741,130164,153236.704570125,90239.8866855438,0.264389730149654,0.293901304243324,0.136023155707286,0.0121357743111881,0.261217968264035,0.584407664442791,0.0920245398773006,81989
224,DGY#2089_T14_G04,DGY#2089,DNA_repair_mutant,31,14,75326,501534.5,550796.676167592,240627.049323429,113939,123701.293046226,55795.8297598111,0.234387922809604,0.237054531242121,0.0797306786531993,0.0151607678623583,0.33822318986804,0.613068528794838,0.00447388683854181,75326
225,DGY#2090_T14_H04,DGY#2090,DNA_repair_mutant,32,14,88315,356215,404903.638645757,193832.921998149,72100,80616.3660873011,40960.9265869539,0.202723924632097,0.209272588311327,0.0712138932375998,0.0129309856762724,0.443809092453151,0.488105078412501,0.000668063182924758,88315
226,DGY#1_T15_A01,DGY#1,0_Copy_Control,1,15,85754,329354,377219.428912937,197823.349000869,1496,1727.28046505119,1520.81566990051,0.00421454568870636,0.00514860864110007,0.00487691540382631,0.97948783730205,3.49837908435758e-05,1.16612636145253e-05,0,85754
227,DGY#620_T15_B01,DGY#620,0_Copy_Control,2,15,83234,343871.5,395216.634260038,197031.564938243,1467,10957.6433068217,37894.11556384,0.00413401486291912,0.0209746408094075,0.0605657348065357,0.898671216089579,0.0378330970516856,0.0338203138140664,0.000636759016747964,83234
228,DGY#500_T15_C01,DGY#500,1_Copy_Control,3,15,75831,417031,458100.310031517,202930.02822012,1704,3323.20668328256,15213.8095144631,0.00391778505301043,0.00659384244583227,0.0212710846482645,0.965805541269402,0.00652767337896111,0.00328361751790165,0.000184621065263547,75831
229,DGY#1315_T15_D01,DGY#1315,2_Copy_Contol,4,15,84713,340078,389058.005111376,196331.225808627,82368,92303.7007307025,52226.1533766736,0.233094116531251,0.256481681882123,0.121447043498225,0.0340915798047525,0.295149504798555,0.566678077744856,0.0265248545087531,84713
230,DGY#1657_T15_E01,DGY#1657,Wild_Type,5,15,92143,313554,364549.293912723,177254.716330969,2254,2486.76794764659,2202.53949550459,0.00659295303471347,0.00729176970299744,0.00561190648293514,0.974496163571839,0,2.17053927048175e-05,1.08526963524088e-05,92143
231,DGY#2076_T15_F01,DGY#2076,Genomic_Architecture_Mutant,6,15,85584,279104,312130.545919798,147492.189649286,32278,33698.522410731,15633.2404517423,0.114293523108374,0.12076223651507,0.0574068425705272,0.0550219667227519,0.311565245840344,0.0724317629463451,2.33688539914003e-05,85584
232,DGY#2071_T15_G01,DGY#2071,Genomic_Architecture_Mutant,7,15,83818,365283.5,406486.772781503,200712.27002715,6767,29492.0327614594,39207.9081031548,0.0221333803027687,0.0704325290569118,0.0760928684382352,0.489644229163187,0.294173089312558,0.0540933928273163,9.54448925051898e-05,83818
233,DGY#2150_T15_H01,DGY#2150,Genomic_Architecture_Mutant,8,15,89122,361591.5,401990.072922511,183054.801660219,1365,2833.94740916945,12575.0369725801,0.00363616875767549,0.00606192768160957,0.0177432777249596,0.975774780637777,0.009223311864635,0.00175040955095263,1.12205740445681e-05,89122
234,DGY#2084_T15_A02,DGY#2084,DNA_repair_mutant,9,15,80354,364891.5,424573.896607512,219633.221292974,99637,111786.986049232,60228.778546609,0.260324188853927,0.283301160197107,0.1211884563726,0.0183562734898076,0.209784204893347,0.664086417602111,0.0340617766383752,80354
235,DGY#2086_T15_B02,DGY#2086,DNA_repair_mutant,10,15,91258,263610.5,306291.052148853,162296.346997485,57544,66743.5560717964,39488.3886130731,0.213322973494827,0.227490089476006,0.0842710326159321,0.0222446251287558,0.261686646650157,0.523943106357799,0.00211488307874378,91258
236,DGY#2089_T15_C02,DGY#2089,DNA_repair_mutant,11,15,86731,340664,389148.450657781,194480.326851394,119074,130957.173478918,78886.8805741613,0.335555768829072,0.358157419952852,0.17529180728881,0.0561275668446115,0.0461080813088746,0.649421775374434,0.135995203560434,86731
237,DGY#2090_T15_D02,DGY#2090,DNA_repair_mutant,12,15,88088,325126,376050.123978294,197907.129613668,70178,80097.1776632458,47895.6787907123,0.206861418528512,0.227826922346781,0.103737507674087,0.0234197620561257,0.370708836617928,0.485628008355281,0.0100354191263282,88088
238,DGY#1972_T15_E02,DGY#1972,GAP1_location_mutant,13,15,80229,357469,416235.905707413,221515.657253849,184865,209310.477433347,113983.423006226,0.496811266962442,0.545163703730655,0.232626245790134,0.012052998292388,0.00258011442246569,0.399880342519538,0.425793665632128,80229
239,DGY#2135_T15_F02,DGY#2135,GAP1_location_mutant,14,15,64931,642531,650490.575826647,270191.040939977,32792,61973.0469729405,75794.2369905928,0.0658986362711174,0.0836588468907876,0.0866651630293148,0.357302367128182,0.294990066378155,0.117416950301089,0.00046202892301058,64931
240,DGY#2143_T15_G02,DGY#2143,GAP1_location_mutant,15,15,75184,455361.5,488619.865051075,204407.111683348,4065,6598.77602947436,19054.626498591,0.008998660637087,0.0137713908654676,0.0383549435589413,0.871861034262609,0.00299265801234305,0.00879176420515003,0.000917748457118536,75184
241,DGY#2144_T15_H02,DGY#2144,GAP1_location_mutant,16,15,84344,338784,386070.409714977,193198.201480886,2296,25854.2453523665,46218.812375475,0.00680703460573675,0.0625228260291381,0.0951138081737138,0.643116285687186,0.164611590628853,0.0978848525087736,0.000984065256568339,84344
242,DGY#1657_T15_A03,DGY#1657,Wild_Type,17,15,85906,348346.5,396622.081088632,197001.030292046,2402,24887.7486438666,42389.4424142819,0.00692120710408724,0.0588744275917818,0.0888742341403155,0.641503503829767,0.179777896770889,0.0773869112751147,0.000733359718762368,85906
243,DGY#2076_T15_B03,DGY#2076,Genomic_Architecture_Mutant,18,15,82493,414932,464633.773580789,206595.562178667,108661,124944.040112494,98570.0615146862,0.251225837499666,0.277720386189219,0.184308783181638,0.115706787242554,0.198150146073,0.500660662116786,0.103899724825137,82493
244,DGY#2071_T15_C03,DGY#2071,Genomic_Architecture_Mutant,19,15,84680,323760,379269.268776571,201459.652372016,71482,82529.5319792159,50818.9270166637,0.217834146099991,0.228595363399588,0.0973525413306671,0.0450047236655645,0.303837978271138,0.564761454888994,0.00451110061407652,84680
245,DGY#2150_T15_D03,DGY#2150,Genomic_Architecture_Mutant,20,15,81158,342220.5,405966.85753715,220468.463910676,51284.5,61915.0671899258,60569.2051585745,0.160292971697598,0.152217102617179,0.11545369855994,0.246297345917839,0.284494442938466,0.328014490253579,0.00219325266763597,81158
246,DGY#2084_T15_E03,DGY#2084,DNA_repair_mutant,21,15,83184,368423,421293.56234372,206992.128539056,88053,95954.3175129833,61109.6546118219,0.230372735975287,0.242446941866106,0.133786109177597,0.0817585112521639,0.250565012502404,0.550286112713983,0.024632140796307,83184
247,DGY#2086_T15_F03,DGY#2086,DNA_repair_mutant,22,15,83371,355936,406207.081479171,203446.666785496,80235,89940.4782958103,49047.3900969084,0.220980911696318,0.23828752616462,0.105324080870502,0.0292307876839668,0.343356802725168,0.543342409231028,0.0122224754411006,83371
248,DGY#2089_T15_G03,DGY#2089,DNA_repair_mutant,23,15,85160,337112.5,368762.416756693,159954.138513067,3557,14762.3966181306,17102.9574037822,0.0112415669959724,0.0448606161591775,0.0534060706284009,0.545467355565993,0.104814466885862,0.0114960075152654,0,85160
249,DGY#2090_T15_H03,DGY#2090,DNA_repair_mutant,24,15,88605,307132,341500.513943908,165731.57742195,25945,28517.0119406354,15559.1832702402,0.0841752545441257,0.0900222566177529,0.042505144210745,0.0482816996783477,0.190079566615879,0.0161729022064218,1.12860448055979e-05,88605
250,DGY#1972_T15_A04,DGY#1972,GAP1_location_mutant,25,15,85686,332161,386236.309968956,202100.469126507,138409,156814.34633429,86436.7489097139,0.401813387054641,0.436653802579286,0.184728680407633,0.0189645916485774,0.00913801554512989,0.598685899680228,0.236024554769741,85686
251,DGY#2135_T15_B04,DGY#2135,GAP1_location_mutant,26,15,83861,350131,399859.553069961,198874.151853554,96757,109445.682009516,59305.0331022687,0.271273260311902,0.295284898195882,0.131678028062996,0.0208917136690476,0.195120497012914,0.664420886943871,0.0461835656622268,83861
252,DGY#2143_T15_C04,DGY#2143,GAP1_location_mutant,27,15,90153,307916,348905.205683671,172433.835594557,58301,66076.6541767883,37726.1052753204,0.18440079339689,0.197950198758672,0.0804778828701532,0.0218628331835879,0.435537364258538,0.387452441959779,0.00339422980932415,90153
253,DGY#2144_T15_D04,DGY#2144,GAP1_location_mutant,28,15,85996,355451.5,397984.110481883,190904.00077047,1289,7296.87605237453,26174.8614540103,0.00351459869434379,0.0147103381310596,0.043704493971376,0.910274896506814,0.042978743197358,0.0126401227964091,0.000197683613191311,85996
254,DGY#2084_T15_E04,DGY#2084,DNA_repair_mutant,29,15,59510,657657,687847.48008738,240791.379337214,176393.5,183057.740278945,96204.5162885899,0.258335203919054,0.264993845957865,0.10616351790489,0.0611829944547135,0.132162661737523,0.735422618047387,0.0189043858175097,59510
255,DGY#2086_T15_F04,DGY#2086,DNA_repair_mutant,30,15,89460,428861.5,475431.976469931,194177.871908732,105518,122954.421149117,76203.9145380721,0.237018873162524,0.26380991119293,0.122374337275954,0.0183098591549296,0.324267829197407,0.559266711379387,0.0555667337357478,89460
256,DGY#2089_T15_G04,DGY#2089,DNA_repair_mutant,31,15,60071,545625,593160.393234672,246373.658944829,5510,30125.5083151604,61397.0810995793,0.0100891794777187,0.0461419036108312,0.0815402403424023,0.601987647949926,0.0960030630420669,0.0744618867673253,0.000932230194270114,60071
257,DGY#2090_T15_H04,DGY#2090,DNA_repair_mutant,32,15,85390,372349.5,428869.774294414,218620.306904768,68498,77727.1250966155,42681.943629629,0.182619841082998,0.191484965499152,0.0698788929364745,0.0202365616582738,0.527216301674669,0.385197329898115,0.000480149900456728,85390
258,DGY#1_T18_A01,DGY#1,0_Copy_Control,1,18,88910,340291,377768.33402317,181666.429745135,1442,1766.76471712968,1709.31394372034,0.00404298194664577,0.00521053173450508,0.0054219223011169,0.972905185018558,0,1.12473287594196e-05,0,88910
259,DGY#620_T18_B01,DGY#620,0_Copy_Control,2,18,91896,278982,331403.182902411,189063.980434613,54693,66051.6589296596,42728.4283090426,0.192495803844513,0.204578925789992,0.0661842202743352,0.00711674066335858,0.361767650387394,0.427831461652303,0.000859667450161052,91896
260,DGY#500_T18_C01,DGY#500,1_Copy_Control,3,18,88315,322813,362374.279725981,178959.503303856,55658,61320.1919379494,31818.7141251952,0.171606727788614,0.180769454659298,0.07004459604444,0.0269263432033063,0.51665062560154,0.312110060578611,0.000407631772632056,88315
261,DGY#1315_T18_D01,DGY#1315,2_Copy_Contol,4,18,90246,274320,320243.894554883,172999.638389333,61649,73039.2466702125,48097.0700593852,0.215302306302117,0.243850485860443,0.121055651438043,0.0174633778782439,0.267402433348847,0.482525541298229,0.026128581876205,90246
262,DGY#1657_T18_E01,DGY#1657,Wild_Type,5,18,96068,295548,340233.903693217,159892.279898128,1990,2246.60587292335,1899.33705724947,0.00619462863993872,0.00703161698911871,0.00576068652142542,0.969771411916559,1.04092934171628e-05,1.04092934171628e-05,0,96068
263,DGY#2076_T18_F01,DGY#2076,Genomic_Architecture_Mutant,6,18,87012,291868.5,324764.973670298,154855.691712048,30909,33504.2492529766,14865.9348270301,0.104702937568501,0.11400832408539,0.0488631840716388,0.0140900105732543,0.287512067301062,0.0458097733645934,0,87012
264,DGY#2071_T18_G01,DGY#2071,Genomic_Architecture_Mutant,7,18,88469,374898,420149.544450598,220161.629977628,52198,60914.6190530016,38881.4536407415,0.142235871483078,0.146836905814759,0.0485127890416707,0.0225841820298636,0.656128135279024,0.112773966021996,0.000259978071414846,88469
265,DGY#2150_T18_H01,DGY#2150,Genomic_Architecture_Mutant,8,18,91575,267544,313947.087578488,172416.879504997,41620,48309.1385530986,29426.2922388685,0.154589156617554,0.161644516022172,0.0585249741326473,0.0185203385203385,0.438875238875239,0.198056238056238,0.000283920283920284,91575
266,DGY#2084_T18_A02,DGY#2084,DNA_repair_mutant,9,18,94249,300307,348645.445108171,185434.251869797,61402,70662.6796995194,40081.509561055,0.199499089528672,0.208631677613729,0.0665310696709861,0.00955978312767244,0.352566074971618,0.462805971416142,0.00070027268193827,94249
267,DGY#2086_T18_B02,DGY#2086,DNA_repair_mutant,10,18,91934,266211,314510.907651141,175327.596720082,47853.5,56808.9688798486,34316.6770344781,0.176868068916925,0.187423144156352,0.059662629568626,0.00698327060717471,0.412981051623991,0.311995562033633,0.000228424739487023,91934
268,DGY#2089_T18_C02,DGY#2089,DNA_repair_mutant,11,18,90405,302170,344148.134605387,172631.984345729,99896,110311.573397489,61259.9745678383,0.321027549449951,0.337293712372715,0.131422691692802,0.0350865549471821,0.0415463746474199,0.754239256678281,0.0600741109451911,90405
269,DGY#2090_T18_D02,DGY#2090,DNA_repair_mutant,12,18,92987,263521,310046.59260972,170309.902599813,44903,54223.3040747631,35416.0844580811,0.164338832225481,0.180752146689343,0.0746283943898098,0.00740963790637401,0.423682880402637,0.245593470054954,0.00459203974749159,92987
270,DGY#1972_T18_E02,DGY#1972,GAP1_location_mutant,13,18,94064,313234,361767.458443188,189606.40639863,115420,133997.274844787,76624.5369033332,0.359676140607534,0.38056008873779,0.118371627866746,0.00651683959857119,0.0113858649430175,0.750393349209049,0.119365538356863,94064
271,DGY#2135_T18_F02,DGY#2135,GAP1_location_mutant,14,18,88870,258960,299175.642815348,153360.593498393,52467,60133.7850793294,32990.2096851583,0.198560966572317,0.209935095148909,0.0712932005990468,0.00892314616856082,0.324946551142118,0.471632721953415,0.000348824125126589,88870
272,DGY#2143_T18_G02,DGY#2143,GAP1_location_mutant,15,18,92017,321954,367874.605746764,184926.267412368,67525,76948.6177662823,42768.028868396,0.202112273684962,0.218174738403012,0.0773538642644894,0.00791158155558212,0.391688492343806,0.492800243433279,0.00390145299238184,92017
273,DGY#2144_T18_H02,DGY#2144,GAP1_location_mutant,16,18,91900,270153.5,316443.86570185,173782.0395685,44555,52924.6306311208,34855.8031393705,0.161543094832142,0.173207523714816,0.0632509351724299,0.0147878128400435,0.449183895538629,0.232796517954298,0.000924918389553863,91900
274,DGY#1657_T18_A03,DGY#1657,Wild_Type,17,18,91312,290513.5,342628.541188453,192722.036817954,51175,60136.8727001927,36630.0981985656,0.173520151983881,0.184540731521623,0.0665585002934884,0.0161205537059751,0.449710881373752,0.301165235675486,0.000908971438584195,91312
275,DGY#2076_T18_B03,DGY#2076,Genomic_Architecture_Mutant,18,18,96215,300122,343280.795083927,168053.7098801,76573,89685.9236709453,56447.4724715132,0.232456659445385,0.269320491334201,0.125222341347197,0.00346099880476017,0.246146650730136,0.557387101803253,0.0488073585199813,96215
276,DGY#2071_T18_C03,DGY#2071,Genomic_Architecture_Mutant,19,18,94084,276918.5,324824.95200034,179031.68689066,53335,63670.3950193444,41162.4688943518,0.189734819241921,0.199364803640209,0.0649649715987321,0.0155074189022576,0.355331405977637,0.410633051315845,0.000627099187959696,94084
277,DGY#2150_T18_D03,DGY#2150,Genomic_Architecture_Mutant,20,18,93987,302714,351509.774341132,187075.405216127,53922,63738.4153233958,38595.0972221709,0.175050983787725,0.184052716005727,0.0555777219371911,0.00861821315713875,0.472224882164555,0.322927638928788,0.000297913541234426,93987
278,DGY#2084_T18_E03,DGY#2084,DNA_repair_mutant,21,18,94309,319100,365541.42202759,179363.218165264,66340,74860.0905003764,41450.9088919616,0.199524810773559,0.209719275457514,0.0724121644636148,0.0163929211422028,0.374460549894496,0.477674453127485,0.00188741265414754,94309
279,DGY#2086_T18_F03,DGY#2086,DNA_repair_mutant,22,18,92358,295974.5,335846.633707962,166958.79246343,44122.5,49087.2202516295,40872.8401534666,0.157018602570685,0.143972986567966,0.0930369008826425,0.174050975551658,0.334968275623119,0.259262868403387,0.000779575131553303,92358
280,DGY#2089_T18_G03,DGY#2089,DNA_repair_mutant,23,18,85845,283579,316723.010018056,152090.898719294,30203,33002.4158658047,14451.7019252636,0.105080944455817,0.115499877700725,0.0494030100666933,0.0059642378705807,0.268122779428039,0.0479352321043742,1.16489020909779e-05,85845
281,DGY#2090_T18_H03,DGY#2090,DNA_repair_mutant,24,18,90940,307849,344295.941027051,170642.433984643,26089,29743.4055861007,16055.7692022126,0.0842451922281846,0.0922183345388446,0.0403763016503916,0.0110952276226083,0.187959093908071,0.0189465581702221,1.09962612711678e-05,90940
282,DGY#1972_T18_A04,DGY#1972,GAP1_location_mutant,25,18,90815,299626,343613.02467654,176377.188345533,109887,122775.412718163,65797.2566951413,0.353877716489969,0.379994695592721,0.147985245871934,0.0156802290370534,0.0274844464020261,0.706546275395034,0.112745691791004,90815
283,DGY#2135_T18_B04,DGY#2135,GAP1_location_mutant,26,18,91769,286640,329809.927404679,167638.642898454,69661,82554.647865837,52276.8309910944,0.227769199735548,0.263317629232777,0.127224199466083,0.00646187710446883,0.258856476587955,0.549782606326755,0.0371694145081672,91769
284,DGY#2143_T18_C04,DGY#2143,GAP1_location_mutant,27,18,92682,278183,327197.553160268,179948.02159166,47943,56335.1281047021,35239.951512299,0.171947588435949,0.179592880690917,0.0650992786921818,0.0157527891068384,0.415442049157334,0.291933708810772,0.00114369564748279,92682
285,DGY#2144_T18_D04,DGY#2144,GAP1_location_mutant,28,18,92914,275948,319235.412844135,170414.658038117,46913,55522.1478786835,35068.3447230298,0.166003811706746,0.179353050810682,0.0719693966381185,0.00794282885248725,0.445842391889274,0.254601028908453,0.00452030910304152,92914
286,DGY#2084_T18_E04,DGY#2084,DNA_repair_mutant,29,18,93735,290012,332169.855176828,171843.885426272,61702,71141.5397556942,41640.0855975664,0.20700623066533,0.221007230866317,0.0733781180080472,0.00665706513042087,0.32377447058196,0.501616258601376,0.00241105243505628,93735
287,DGY#2086_T18_F04,DGY#2086,DNA_repair_mutant,30,18,96860,277558,314119.557010118,147288.40364109,60056,67838.6822527359,36323.3582096284,0.203523366705844,0.220560700730676,0.0770305482606061,0.00240553376006607,0.309591162502581,0.500216807763783,0.00638034276275036,96860
288,DGY#2089_T18_G04,DGY#2089,DNA_repair_mutant,31,18,92026,284449.5,328657.486884141,170644.749578796,52792,62029.0865190272,36112.8405585945,0.182467680092916,0.194479168631976,0.062116493533079,0.00460739356268881,0.422576228457175,0.37792580357725,0.000206463390780866,92026
289,DGY#2090_T18_H04,DGY#2090,DNA_repair_mutant,32,18,92656,286833.5,329320.67066353,166108.052597074,52569,60060.9787385598,32721.1958945471,0.178482139344738,0.189185955594957,0.0589484578069609,0.00530996373683302,0.444288551200138,0.3601385771024,0.000194266965981696,92656
